TickerSymbol,Name,Industry,EBITDA,RevenueGrowth,MarketCap,Country
MSFT,Microsoft Corporation,Technology,125182001152,0.17,3123130925056,United States
AAPL,Apple Inc.,Technology,129629003776,-0.043,2911485558784,United States
NVDA,NVIDIA Corporation,Technology,34480001024,2.653,2274826125312,United States
GOOGL,Alphabet Inc.,Communication Services,109723000832,0.154,2182844645376,United States
GOOG,Alphabet Inc.,Communication Services,109723000832,0.154,2182439763968,United States
AMZN,"Amazon.com, Inc.",Consumer Cyclical,96609001472,0.125,1922098921472,United States
META,"Meta Platforms, Inc.",Communication Services,68446998528,0.273,1197013860352,United States
BRK-B,Berkshire Hathaway Inc.,Financial Services,107046002688,0.052,901661917184,United States
LLY,Eli Lilly and Company,Healthcare,13373700096,0.26,731811872768,United States
AVGO,Broadcom Inc.,Technology,20404000768,0.164,646606684160,United States
JPM,JPMorgan Chase & Co.,Financial Services,NA,0.111,588089262080,United States
V,Visa Inc.,Financial Services,23942000640,0.099,573112582144,United States
TSLA,"Tesla, Inc.",Consumer Cyclical,12264999936,-0.087,565955461120,United States
XOM,Exxon Mobil Corporation,Energy,67689000960,-0.035,536696651776,United States
WMT,Walmart Inc.,Consumer Defensive,38864998400,0.057,521065431040,United States
UNH,UnitedHealth Group Incorporated,Healthcare,35001999360,0.086,482861613056,United States
MA,Mastercard Incorporated,Financial Services,15752999936,0.104,427873861632,United States
PG,The Procter & Gamble Company,Consumer Defensive,24217999360,0.006,395653873664,United States
JNJ,Johnson & Johnson,Healthcare,30613000192,0.023,372169015296,United States
COST,Costco Wholesale Corporation,Consumer Defensive,11072000000,0.057,352944914432,United States
HD,"The Home Depot, Inc.",Consumer Cyclical,24508000256,-0.023,341122777088,United States
ORCL,Oracle Corporation,Technology,20800999424,0.071,339440992256,United States
MRK,"Merck & Co., Inc.",Healthcare,21211000832,0.089,332279349248,United States
BAC,Bank of America Corporation,Financial Services,NA,-0.033,307262357504,United States
CVX,Chevron Corporation,Energy,41230999552,-0.041,299795939328,United States
ABBV,AbbVie Inc.,Healthcare,26115999744,0.007,293876072448,United States
CRM,"Salesforce, Inc.",Technology,9221000192,0.108,277041676288,United States
KO,The Coca-Cola Company,Consumer Defensive,14654999552,0.029,271530704896,United States
NFLX,"Netflix, Inc.",Communication Services,8226065920,0.148,267632590848,United States
AMD,"Advanced Micro Devices, Inc.",Technology,3836999936,0.022,265834512384,United States
PEP,"PepsiCo, Inc.",Consumer Defensive,16384000000,0.023,250472988672,United States
TMO,Thermo Fisher Scientific Inc.,Healthcare,10778000384,-0.034,227235528704,United States
ADBE,Adobe Inc.,Technology,7589000192,0.113,216576638976,United States
QCOM,QUALCOMM Incorporated,Technology,10837000192,0.012,216347754496,United States
WFC,Wells Fargo & Company,Financial Services,NA,0.021,212944437248,United States
LIN,Linde plc,Basic Materials,12245000192,-0.011,207919284224,United Kingdom
DHR,Danaher Corporation,Healthcare,7416999936,-0.026,196874584064,United States
MCD,McDonald's Corporation,Consumer Cyclical,13809500160,0.046,196299358208,United States
CSCO,"Cisco Systems, Inc.",Technology,16741999616,-0.128,195049472000,United States
TMUS,"T-Mobile US, Inc.",Communication Services,29251000320,-0.002,192183402496,United States
ACN,Accenture plc,Technology,11277210624,-0.001,190875844608,Ireland
DIS,The Walt Disney Company,Communication Services,16149999616,0.012,188228878336,United States
INTU,Intuit Inc.,Technology,4087000064,0.41,185116524544,United States
ABT,Abbott Laboratories,Healthcare,10368000000,0.022,181078081536,United States
TXN,Texas Instruments Incorporated,Technology,7800000000,-0.164,177562206208,United States
AMAT,"Applied Materials, Inc.",Technology,8104999936,0.002,176216637440,United States
GE,General Electric Company,Industrials,8482999808,0.108,175017197568,United States
AXP,American Express Company,Financial Services,NA,0.099,174661156864,United States
CAT,Caterpillar Inc.,Industrials,15932000256,-0.004,174234910720,United States
VZ,Verizon Communications Inc.,Communication Services,48027000832,0.002,168622555136,United States
AMGN,Amgen Inc.,Healthcare,11800999936,0.22,167619854336,United States
MS,Morgan Stanley,Financial Services,NA,0.06,162873524224,United States
PFE,Pfizer Inc.,Healthcare,9621000192,-0.195,162291138560,United States
NOW,"ServiceNow, Inc.",Technology,1516000000,0.242,157127491584,United States
NEE,"NextEra Energy, Inc.",Utilities,15312000000,-0.147,156329181184,United States
IBM,International Business Machines Corporation,Technology,14380000256,0.015,155271462912,United States
PM,Philip Morris International Inc.,Consumer Defensive,14023999488,0.097,155191721984,United States
CMCSA,Comcast Corporation,Communication Services,37586001920,0.012,154080952320,United States
BX,Blackstone Inc.,Financial Services,NA,1.737,151941316608,United States
GS,"The Goldman Sachs Group, Inc.",Financial Services,NA,0.121,150822404096,United States
UNP,Union Pacific Corporation,Industrials,11553000448,-0.004,149461581824,United States
SCHW,The Charles Schwab Corporation,Financial Services,NA,-0.074,144023224320,United States
COP,ConocoPhillips,Energy,24287000576,-0.068,142343487488,United States
ISRG,"Intuitive Surgical, Inc.",Healthcare,2267399936,0.115,141463846912,United States
NKE,"NIKE, Inc.",Consumer Cyclical,6862000128,0.003,139132813312,United States
MU,"Micron Technology, Inc.",Technology,3663000064,0.577,138742382592,United States
RTX,RTX Corporation,Industrials,9345999872,0.121,138508353536,United States
SPGI,S&P Global Inc.,Financial Services,6012000256,0.105,138264248320,United States
UBER,"Uber Technologies, Inc.",Technology,2353999872,0.148,137218777088,United States
INTC,Intel Corporation,Technology,10501000192,0.086,135496171520,United States
HON,Honeywell International Inc.,Industrials,8920999936,0.027,134124781568,United States
LOW,"Lowe's Companies, Inc.",Consumer Cyclical,13479999488,-0.171,132239294464,United States
ETN,Eaton Corporation plc,Industrials,5049999872,0.084,132060332032,Ireland
UPS,"United Parcel Service, Inc.",Industrials,12366999552,-0.053,127683624960,United States
SYK,Stryker Corporation,Healthcare,5438000128,0.097,127496347648,United States
ELV,"Elevance Health, Inc.",Healthcare,11152000000,0.01,127297667072,United States
BKNG,Booking Holdings Inc.,Consumer Cyclical,6808000000,0.169,125815046144,United States
T,AT&T Inc.,Communication Services,42146000896,-0.004,124760948736,United States
PGR,The Progressive Corporation,Financial Services,NA,0.206,122537648128,United States
C,Citigroup Inc.,Financial Services,NA,-0.053,122209681408,United States
BLK,"BlackRock, Inc.",Financial Services,7055000064,0.114,120695889920,United States
LRCX,Lam Research Corporation,Technology,4423145984,-0.02,119244947456,United States
VRTX,Vertex Pharmaceuticals Incorporated,Healthcare,4583699968,0.133,114887770112,United States
MDT,Medtronic plc,Healthcare,8677000192,0.047,114086297600,Ireland
TJX,"The TJX Companies, Inc.",Consumer Cyclical,6760999936,0.13,113578426368,United States
BA,The Boeing Company,Industrials,2675000064,-0.075,113537851392,United States
LMT,Lockheed Martin Corporation,Industrials,10154000384,0.137,111859097600,United States
CB,Chubb Limited,Financial Services,10547000320,0.192,111374409728,Switzerland
DE,Deere & Company,Industrials,15644999680,-0.124,110513692672,United States
BSX,Boston Scientific Corporation,Healthcare,3742000128,0.138,109748936704,United States
REGN,"Regeneron Pharmaceuticals, Inc.",Healthcare,4424500224,-0.005,108234604544,United States
ADI,"Analog Devices, Inc.",Technology,5681083904,-0.227,106163986432,United States
MMC,"Marsh & McLennan Companies, Inc.",Financial Services,6865999872,0.093,103457259520,United States
ADP,"Automatic Data Processing, Inc.",Industrials,5487200256,0.066,103276404736,United States
PLD,"Prologis, Inc.",Real Estate,5995949056,0.1,103231602688,United States
PANW,"Palo Alto Networks, Inc.",Technology,972800000,0.193,102697336832,United States
KLAC,KLA Corporation,Technology,3885220096,-0.03,100667637760,United States
ANET,"Arista Networks, Inc.",Technology,2502341888,0.163,100241694720,United States
CI,The Cigna Group,Healthcare,9216000000,0.193,96218693632,United States
MDLZ,"Mondelez International, Inc.",Consumer Defensive,8421000192,0.014,95545073664,United States
ABNB,"Airbnb, Inc.",Consumer Cyclical,1658000000,0.178,92471386112,United States
FI,"Fiserv, Inc.",Technology,8200000000,0.074,91186503680,United States
AMT,American Tower Corporation,Real Estate,7003500032,0.024,90831306752,United States
BMY,Bristol-Myers Squibb Company,Healthcare,18172000256,0.047,89253208064,United States
CMG,"Chipotle Mexican Grill, Inc.",Consumer Cyclical,1993038976,0.141,88264245248,United States
SBUX,Starbucks Corporation,Consumer Cyclical,7116299776,-0.018,88180695040,United States
SO,The Southern Company,Utilities,11923999744,0.026,86971424768,United States
SNPS,"Synopsys, Inc.",Technology,1584184064,0.211,86451257344,United States
HCA,"HCA Healthcare, Inc.",Healthcare,12869000192,0.112,84561551360,United States
WM,"Waste Management, Inc.",Industrials,6092000256,0.055,84403912704,United States
GILD,"Gilead Sciences, Inc.",Healthcare,12664999936,0.053,84368965632,United States
GD,General Dynamics Corporation,Industrials,4790000128,0.086,82040324096,United States
DUK,Duke Energy Corporation,Utilities,13756000256,0.054,80179085312,United States
ZTS,Zoetis Inc.,Healthcare,3567000064,0.095,79422709760,United States
ICE,"Intercontinental Exchange, Inc.",Financial Services,5126000128,0.208,79384166400,United States
APH,Amphenol Corporation,Technology,3095399936,0.095,79225683968,United States
SHW,The Sherwin-Williams Company,Basic Materials,4261900032,-0.014,79208701952,United States
MO,"Altria Group, Inc.",Consumer Defensive,12305999872,-0.01,79148392448,United States
CDNS,"Cadence Design Systems, Inc.",Technology,1358658944,-0.012,78595022848,United States
FCX,Freeport-McMoRan Inc.,Basic Materials,8686999552,0.173,77900849152,United States
CL,Colgate-Palmolive Company,Consumer Defensive,4704000000,0.062,77228113920,United States
CME,CME Group Inc.,Financial Services,3853400064,0.032,76744253440,United States
EQIX,"Equinix, Inc.",Real Estate,2913906944,0.065,75908423680,United States
MCO,Moody's Corporation,Financial Services,2855000064,0.215,75585519616,United States
ITW,Illinois Tool Works Inc.,Industrials,4621000192,-0.011,74779041792,United States
EOG,"EOG Resources, Inc.",Energy,13205000192,0.047,74677944320,United States
TT,Trane Technologies plc,Industrials,3325199872,0.15,74388324352,Ireland
TGT,Target Corporation,Consumer Defensive,8700999680,0.017,74081263616,United States
MCK,McKesson Corporation,Healthcare,4460000256,0.108,73379700736,United States
CVS,CVS Health Corporation,Healthcare,16924000256,0.036,72409743360,United States
TDG,TransDigm Group Incorporated,Industrials,3596000000,0.205,72295579648,United States
CTAS,Cintas Corporation,Industrials,2299568896,0.099,70226599936,United States
PH,Parker-Hannifin Corporation,Industrials,5202932224,0.003,70068985856,United States
NOC,Northrop Grumman Corporation,Industrials,4144000000,0.089,69658394624,United States
SLB,Schlumberger Limited,Energy,7495000064,0.126,69451628544,United States
NXPI,NXP Semiconductors N.V.,Technology,4800999936,0.002,68451721216,Netherlands
BDX,"Becton, Dickinson and Company",Healthcare,5070000128,0.046,68292120576,United States
MAR,"Marriott International, Inc.",Consumer Cyclical,4204999936,0.052,67900919808,United States
PYPL,"PayPal Holdings, Inc.",Financial Services,5658999808,0.094,67449307136,United States
CEG,Constellation Energy Corporation,Utilities,5007000064,-0.186,67179732992,United States
ECL,Ecolab Inc.,Basic Materials,3275200000,0.178,66726285312,United States
CSX,CSX Corporation,Industrials,7134000128,-0.007,65529257984,United States
USB,U.S. Bancorp,Financial Services,NA,-0.087,64649859072,United States
EMR,Emerson Electric Co.,Industrials,4426999808,0.165,64578641920,United States
PNC,"The PNC Financial Services Group, Inc.",Financial Services,NA,-0.07,63804391424,United States
AON,Aon plc,Financial Services,4407000064,0.051,63587700736,Ireland
FDX,FedEx Corporation,Industrials,11262999552,0.139,63304335360,United States
MPC,Marathon Petroleum Corporation,Energy,14600999936,-0.056,63303127040,United States
PSX,Phillips 66,Energy,8584999936,0.041,62354862080,United States
MSI,"Motorola Solutions, Inc.",Technology,2936999936,0.1,61344260096,United States
WELL,Welltower Inc.,Real Estate,2718713088,0.192,60562915328,United States
ORLY,"O'Reilly Automotive, Inc.",Consumer Cyclical,3649373952,0.072,59604361216,United States
RSG,"Republic Services, Inc.",Industrials,4505500160,0.078,59257606144,United States
CARR,Carrier Global Corporation,Industrials,3048999936,0.172,58773012480,United States
APD,"Air Products and Chemicals, Inc.",Basic Materials,4115099904,-0.084,58399789056,United States
MMM,3M Company,Industrials,8145999872,-0.003,58246782976,United States
ROP,"Roper Technologies, Inc.",Technology,2591200000,0.144,58006618112,United States
MNST,Monster Beverage Corporation,Consumer Defensive,2141847040,0.118,56719728640,United States
AJG,Arthur J. Gallagher & Co.,Financial Services,3180400128,0.199,56305020928,United States
OXY,Occidental Petroleum Corporation,Energy,12197999616,-0.173,56221650944,United States
SPG,"Simon Property Group, Inc.",Real Estate,4181314048,0.068,55764705280,United States
PCAR,PACCAR Inc,Industrials,6449099776,0.032,55559368704,United States
VLO,Valero Energy Corporation,Energy,12328999936,-0.133,54709133312,United States
COF,Capital One Financial Corporation,Financial Services,NA,0.1,54160355328,United States
EW,Edwards Lifesciences Corporation,Healthcare,1920099968,0.095,53715763200,United States
TFC,Truist Financial Corporation,Financial Services,NA,-0.098,53483855872,United States
AIG,"American International Group, Inc.",Financial Services,11047000064,0.154,53451816960,United States
MET,"MetLife, Inc.",Financial Services,4717000192,0.043,52779548672,United States
CPRT,"Copart, Inc.",Industrials,1779254016,0.103,52399681536,United States
NSC,Norfolk Southern Corporation,Industrials,4888000000,-0.041,52292313088,United States
DXCM,"DexCom, Inc.",Healthcare,848499968,0.242,52239769600,United States
GM,General Motors Company,Consumer Cyclical,16880000000,0.076,52210327552,United States
SMCI,"Super Micro Computer, Inc.",Technology,1187188992,2,51991732224,United States
HLT,Hilton Worldwide Holdings Inc.,Consumer Cyclical,2440000000,0.124,51056893952,United States
MCHP,Microchip Technology Incorporated,Technology,3441933056,-0.406,50974797824,United States
MRNA,"Moderna, Inc.",Healthcare,-4560000000,-0.91,50932592640,United States
PSA,Public Storage,Real Estate,3326534912,0.057,50726535168,United States
AZO,"AutoZone, Inc.",Consumer Cyclical,4192626944,0.046,50481209344,United States
NEM,Newmont Corporation,Basic Materials,3724000000,0.502,50438344704,United States
TRV,"The Travelers Companies, Inc.",Financial Services,4912999936,0.157,50312052736,United States
WMB,"The Williams Companies, Inc.",Energy,5981000192,0.08,50297810944,United States
AFL,Aflac Incorporated,Financial Services,6321500160,0.133,50213781504,United States
DHI,"D.R. Horton, Inc.",Consumer Cyclical,6520999936,0.142,49890766848,United States
SRE,Sempra,Utilities,5212000256,-0.445,49469571072,United States
AEP,"American Electric Power Company, Inc.",Utilities,7336699904,0.071,48848392192,United States
F,Ford Motor Company,Consumer Cyclical,11079999488,0.031,48796176384,United States
HES,Hess Corporation,Energy,5944000000,0.377,48715587584,United States
PCG,PG&E Corporation,Utilities,7750000128,-0.056,48637140992,United States
EL,The Estée Lauder Companies Inc.,Consumer Defensive,2076000000,0.05,48316497920,United States
OKE,"ONEOK, Inc.",Energy,4657999872,0.058,48226746368,United States
O,Realty Income Corporation,Real Estate,3907810048,0.333,48005771264,United States
DLR,"Digital Realty Trust, Inc.",Real Estate,2357018112,-0.028,47620673536,United States
ADSK,"Autodesk, Inc.",Technology,1219000064,0.115,47320141824,United States
FTNT,"Fortinet, Inc.",Technology,1398800000,0.072,46928711680,United States
STZ,"Constellation Brands, Inc.",Consumer Defensive,3617499904,0.071,46737559552,United States
JCI,Johnson Controls International plc,Industrials,2963000064,0.002,46497116160,Ireland
GWW,"W.W. Grainger, Inc.",Industrials,2817999872,0.035,46463299584,United States
TEL,TE Connectivity Ltd.,Technology,3620999936,-0.046,46243487744,Switzerland
URI,"United Rentals, Inc.",Industrials,4467999744,0.061,46064721920,United States
KDP,Keurig Dr Pepper Inc.,Consumer Defensive,4110000128,0.034,45750489088,United States
LEN,Lennar Corporation,Consumer Cyclical,5732608000,0.127,45735436288,United States
PAYX,"Paychex, Inc.",Industrials,2320600064,0.042,45229350912,United States
KMB,Kimberly-Clark Corporation,Consumer Defensive,3758000128,-0.009,45216649216,United States
A,"Agilent Technologies, Inc.",Healthcare,1640000000,-0.056,45197873152,United States
IDXX,"IDEXX Laboratories, Inc.",Healthcare,1232167936,0.071,44882067456,United States
D,"Dominion Energy, Inc.",Utilities,6768000000,-0.065,44844290048,United States
ALL,The Allstate Corporation,Financial Services,2723000064,0.107,44736233472,United States
CCI,Crown Castle Inc.,Real Estate,4132000000,-0.074,44708073472,United States
GEV,GE Vernova Inc.,Utilities,755000000,0.064,44571865088,United States
BK,The Bank of New York Mellon Corporation,Financial Services,NA,0.026,44495052800,United States
ROST,"Ross Stores, Inc.",Consumer Cyclical,2727095040,0.155,44371177472,United States
COR,"Cencora, Inc.",Healthcare,3939255040,0.078,44302278656,United States
KMI,"Kinder Morgan, Inc.",Energy,6458999808,-0.012,43721785344,United States
KHC,The Kraft Heinz Company,Consumer Defensive,6449999872,-0.012,43714801664,United States
FIS,"Fidelity National Information Services, Inc.",Technology,3395000064,0.029,43587829760,United States
PRU,"Prudential Financial, Inc.",Financial Services,3179333376,0.379,43559510016,United States
AMP,"Ameriprise Financial, Inc.",Financial Services,NA,0.125,43118923776,United States
HUM,Humana Inc.,Healthcare,4472000000,0.107,42922459136,United States
LHX,"L3Harris Technologies, Inc.",Industrials,3640000000,0.166,42406760448,United States
LULU,Lululemon Athletica Inc.,Consumer Cyclical,2586561024,0.156,42206380032,Canada
IQV,IQVIA Holdings Inc.,Healthcare,2764999936,0.023,42120994816,United States
HSY,The Hershey Company,Consumer Defensive,3236617984,0.089,41869488128,United States
CNC,Centene Corporation,Healthcare,6133000192,0.044,41657184256,United States
DOW,Dow Inc.,Basic Materials,5087000064,-0.092,41622761472,United States
NUE,Nucor Corporation,Basic Materials,7003897856,-0.066,41267834880,United States
GIS,"General Mills, Inc.",Consumer Defensive,4295699968,-0.005,40218468352,United States
MSCI,MSCI Inc.,Financial Services,1514051968,0.148,40034365440,United States
YUM,"Yum! Brands, Inc.",Consumer Cyclical,2569999872,-0.029,39895990272,United States
ODFL,"Old Dominion Freight Line, Inc.",Industrials,1977081984,0.012,39778365440,United States
KR,The Kroger Co.,Consumer Defensive,8152999936,-0.006,39435649024,United States
CTVA,"Corteva, Inc.",Basic Materials,3007000064,-0.08,39344295936,United States
CHTR,"Charter Communications, Inc.",Communication Services,21126000640,0.002,39323070464,United States
KVUE,Kenvue Inc.,Consumer Defensive,3598000128,0.011,39196160000,United States
OTIS,Otis Worldwide Corporation,Industrials,2496999936,0.027,39134425088,United States
CMI,Cummins Inc.,Industrials,4373000192,-0.006,39058894848,United States
PWR,"Quanta Services, Inc.",Industrials,1749758976,0.136,38704988160,United States
AME,"AMETEK, Inc.",Industrials,2073826048,0.087,38609195008,United States
EXC,Exelon Corporation,Utilities,6842999808,0.086,38581157888,United States
FAST,Fastenal Company,Industrials,1701400064,0.019,38028570624,United States
ACGL,Arch Capital Group Ltd.,Financial Services,4060000000,0.244,37921140736,Bermuda
SYY,Sysco Corporation,Consumer Defensive,3787415040,0.027,37801816064,United States
IR,Ingersoll Rand Inc.,Industrials,1762499968,0.025,37377974272,United States
GEHC,GE HealthCare Technologies Inc.,Healthcare,3519000064,-0.012,37366222848,United States
PEG,Public Service Enterprise Group Incorporated,Utilities,3841999872,-0.265,37126885376,United States
RCL,Royal Caribbean Cruises Ltd.,Consumer Cyclical,4854000128,0.292,36522967040,United States
NDAQ,"Nasdaq, Inc.",Financial Services,2262000128,0.092,36183207936,United States
VRSK,"Verisk Analytics, Inc.",Industrials,1276099968,0.08,35899883520,United States
MLM,"Martin Marietta Materials, Inc.",Basic Materials,2033500032,-0.076,35797544960,United States
CSGP,"CoStar Group, Inc.",Real Estate,282500000,0.123,35729928192,United States
MPWR,"Monolithic Power Systems, Inc.",Technology,491779008,0.015,35532992512,United States
FANG,"Diamondback Energy, Inc.",Energy,6344000000,0.174,35253256192,United States
LVS,Las Vegas Sands Corp.,Consumer Cyclical,3935000064,0.396,35039559680,United States
IT,"Gartner, Inc.",Technology,1272969984,0.045,34953908224,United States
FICO,Fair Isaac Corporation,Technology,700952000,0.141,34875727872,United States
XYL,Xylem Inc.,Industrials,1440999936,0.404,34747506688,United States
VMC,Vulcan Materials Company,Basic Materials,1988199936,-0.063,34266494976,United States
CTSH,Cognizant Technology Solutions Corporation,Technology,3422000128,-0.011,34187405312,United States
EA,Electronic Arts Inc.,Communication Services,2012999936,-0.051,34153963520,United States
DAL,"Delta Air Lines, Inc.",Industrials,8181000192,0.078,34007996416,United States
HWM,Howmet Aerospace Inc.,Industrials,1534000000,0.138,33850617856,United States
BKR,Baker Hughes Company,Energy,3895000064,0.123,33610567680,United States
ED,"Consolidated Edison, Inc.",Utilities,5257999872,-0.028,33580578816,United States
BIIB,Biogen Inc.,Healthcare,2519800064,-0.07,33570299904,United States
HAL,Halliburton Company,Energy,5112999936,0.022,33552908288,United States
EXR,Extra Space Storage Inc.,Real Estate,1987847936,0.587,33485211648,United States
DD,"DuPont de Nemours, Inc.",Basic Materials,2836999936,-0.029,33410693120,United States
LYB,LyondellBasell Industries N.V.,Basic Materials,4658999808,-0.031,32858519552,United States
GRMN,Garmin Ltd.,Technology,1372569984,0.204,32833814528,Switzerland
VST,Vistra Corp.,Utilities,3633999872,-0.31,32689037312,United States
MTD,Mettler-Toledo International Inc.,Healthcare,1165122944,-0.003,32521979904,United States
RMD,ResMed Inc.,Healthcare,1441419008,0.072,32109465600,United States
VICI,VICI Properties Inc.,Real Estate,3415539968,0.083,31691808768,United States
PPG,"PPG Industries, Inc.",Basic Materials,2808999936,-0.016,31526180864,United States
ON,ON Semiconductor Corporation,Technology,3137600000,-0.05,31480074240,United States
DFS,Discover Financial Services,Financial Services,NA,0.028,31430127616,United States
DVN,Devon Energy Corporation,Energy,7139999744,-0.005,31359840256,United States
DG,Dollar General Corporation,Consumer Defensive,3301793024,-0.034,31221841920,United States
XEL,Xcel Energy Inc.,Utilities,5310000128,-0.106,30849075200,United States
TSCO,Tractor Supply Company,Consumer Cyclical,1897705984,0.029,30798084096,United States
ROK,"Rockwell Automation, Inc.",Industrials,1827900032,-0.066,30753449984,United States
EFX,Equifax Inc.,Industrials,1620000000,0.067,30748235776,United States
HPQ,HP Inc.,Technology,5200999936,-0.044,30518822912,United States
HIG,"The Hartford Financial Services Group, Inc.",Financial Services,3988000000,0.086,30513043456,United States
ADM,Archer-Daniels-Midland Company,Consumer Defensive,4518000128,-0.092,30467270656,United States
GLW,Corning Incorporated,Technology,2649999872,-0.064,30281480192,United States
CDW,CDW Corporation,Technology,2004999936,-0.045,30056769536,United States
WAB,Westinghouse Air Brake Technologies Corporation,Industrials,1932999936,0.138,29689122816,United States
EIX,Edison International,Utilities,6122999808,0.028,29356654592,United States
ANSS,"ANSYS, Inc.",Technology,677694976,-0.084,28609081344,United States
AVB,"AvalonBay Communities, Inc.",Real Estate,1744550016,0.065,28279373824,United States
CBRE,"CBRE Group, Inc.",Real Estate,1937400064,0.071,28003825664,United States
GPN,Global Payments Inc.,Industrials,4171791872,0.056,27863091200,United States
KEYS,"Keysight Technologies, Inc.",Technology,1503000064,-0.088,27457658880,United States
FTV,Fortive Corporation,Technology,1610300032,0.044,27162558464,United States
WEC,"WEC Energy Group, Inc.",Utilities,3611599872,-0.072,27002867712,United States
FITB,Fifth Third Bancorp,Financial Services,NA,-0.024,26376775680,United States
WTW,Willis Towers Watson Public Limited Company,Financial Services,2480999936,0.043,26315546624,United Kingdom
RJF,"Raymond James Financial, Inc.",Financial Services,NA,0.078,26203957248,United States
TRGP,Targa Resources Corp.,Energy,3780100096,0.009,26089437184,United States
TROW,"T. Rowe Price Group, Inc.",Financial Services,2543800064,0.138,26072508416,United States
EBAY,eBay Inc.,Consumer Cyclical,2584000000,0.018,26071736320,United States
AWK,"American Water Works Company, Inc.",Utilities,2287000064,0.078,26059524096,United States
WST,"West Pharmaceutical Services, Inc.",Healthcare,809600000,-0.03,26034769920,United States
CHD,"Church & Dwight Co., Inc.",Consumer Defensive,1272499968,0.051,26014801920,United States
MTB,M&T Bank Corporation,Financial Services,NA,-0.098,25660475392,United States
BRO,"Brown & Brown, Inc.",Financial Services,1449299968,0.118,25623916544,United States
DLTR,"Dollar Tree, Inc.",Consumer Defensive,2636900096,0.119,25599387648,United States
IFF,International Flavors & Fragrances Inc.,Basic Materials,1775000064,-0.042,25455941632,United States
EQR,Equity Residential,Real Estate,1789629056,0.036,25440389120,United States
DOV,Dover Corporation,Industrials,1728628992,0.007,25299488768,United States
TTWO,"Take-Two Interactive Software, Inc.",Communication Services,410500000,-0.032,25251072000,United States
PHM,"PulteGroup, Inc.",Consumer Cyclical,3625106944,0.104,25045422080,United States
ZBH,"Zimmer Biomet Holdings, Inc.",Healthcare,2473400064,0.032,24724391936,United States
VLTO,Veralto Corporation,Industrials,1240000000,0.017,24339113984,United States
ETR,Entergy Corporation,Utilities,4676027904,-0.063,24136085504,United States
CAH,"Cardinal Health, Inc.",Healthcare,2783000064,0.088,24132620288,United States
DTE,DTE Energy Company,Utilities,3284000000,-0.143,24128851968,United States
BR,"Broadridge Financial Solutions, Inc.",Technology,1490899968,0.049,24048449536,United States
NVR,"NVR, Inc.",Consumer Cyclical,2008887040,0.074,24022145024,United States
IRM,Iron Mountain Incorporated,Real Estate,1886422016,0.124,23975348224,United States
WDC,Western Digital Corporation,Technology,-396000000,NA,23542452224,United States
STT,State Street Corporation,Financial Services,NA,0.018,23501215744,United States
HPE,Hewlett Packard Enterprise Company,Technology,4998000128,-0.135,23214964736,United States
BF-B,Brown-Forman Corporation,Consumer Defensive,1290000000,-0.011,23044673536,United States
FE,FirstEnergy Corp.,Utilities,3785999872,0.017,23043661824,United States
STE,STERIS plc,Healthcare,1157227008,0.025,22993029120,Ireland
DECK,Deckers Outdoor Corporation,Consumer Cyclical,944140032,0.16,22807736320,United States
NTAP,"NetApp, Inc.",Technology,1444000000,0.052,22798467072,United States
WY,Weyerhaeuser Company,Real Estate,1527000064,-0.045,22723461120,United States
LYV,"Live Nation Entertainment, Inc.",Communication Services,1632494976,0.215,22355079168,United States
ROL,"Rollins, Inc.",Consumer Cyclical,716265984,0.137,22351599616,United States
APTV,Aptiv PLC,Consumer Cyclical,2871000064,0.017,22339012608,Ireland
PTC,PTC Inc.,Technology,607523968,0.112,22059239424,United States
PPL,PPL Corporation,Utilities,3184000000,-0.046,21829756928,United States
AXON,"Axon Enterprise, Inc.",Industrials,194274000,0.343,21794172928,United States
BALL,Ball Corporation,Consumer Cyclical,2048000000,-0.036,21760600064,United States
ARE,"Alexandria Real Estate Equities, Inc.",Real Estate,1784144000,0.097,21715222528,United States
INVH,Invitation Homes Inc.,Real Estate,1376444032,0.094,21714401280,United States
ES,Eversource Energy,Utilities,3954434048,-0.122,21473464320,United States
TSN,"Tyson Foods, Inc.",Consumer Defensive,2156999936,-0.005,21450506240,United States
SBAC,SBA Communications Corporation,Real Estate,1799368960,-0.026,21421985792,United States
GPC,Genuine Parts Company,Consumer Cyclical,2147603968,0.003,21297424384,United States
FSLR,"First Solar, Inc.",Technology,1439703040,0.448,21150230528,United States
WAT,Waters Corporation,Healthcare,1009531008,-0.07,21114847232,United States
HUBB,Hubbell Incorporated,Industrials,1198599936,0.088,21084639232,United States
K,Kellanova,Consumer Defensive,1846000000,-0.042,21046378496,United States
STLD,"Steel Dynamics, Inc.",Basic Materials,3512157952,-0.041,21044819968,United States
CTRA,Coterra Energy Inc.,Energy,3420000000,-0.127,20979929088,United States
TYL,"Tyler Technologies, Inc.",Technology,345296992,0.086,20766586880,United States
HBAN,Huntington Bancshares Incorporated,Financial Services,NA,-0.104,20593844224,United States
TER,"Teradyne, Inc.",Technology,615169984,-0.029,20592734208,United States
ALGN,"Align Technology, Inc.",Healthcare,816784000,0.058,20438980608,United States
BLDR,"Builders FirstSource, Inc.",Industrials,2644839936,0.002,20389621760,United States
MOH,"Molina Healthcare, Inc.",Healthcare,1704000000,0.208,20364900352,United States
WRB,W. R. Berkley Corporation,Financial Services,NA,0.125,20276551680,United States
LDOS,"Leidos Holdings, Inc.",Technology,1770000000,0.075,20101967872,United States
STX,Seagate Technology Holdings plc,Technology,422000000,-0.11,20005650432,Ireland
PFG,"Principal Financial Group, Inc.",Financial Services,1862800000,0.438,19953108992,United States
AEE,Ameren Corporation,Utilities,3200999936,-0.124,19930914816,United States
HRL,Hormel Foods Corporation,Consumer Defensive,1308002944,0.009,19886551040,United States
MKC,"McCormick & Company, Incorporated",Consumer Defensive,1223800064,0.024,19882121216,United States
VTR,"Ventas, Inc.",Real Estate,1803934976,0.107,19797497856,United States
WBD,"Warner Bros. Discovery, Inc.",Communication Services,7493000192,-0.069,19724994560,United States
CCL,Carnival Corporation & plc,Consumer Cyclical,4792000000,0.22,19650000896,United States
CPAY,"Corpay, Inc.",Technology,2016670976,0.038,19642152960,United States
COO,"The Cooper Companies, Inc.",Healthcare,882899968,0.085,19340945408,United States
CBOE,"Cboe Global Markets, Inc.",Financial Services,1224600064,-0.031,19296808960,United States
ULTA,"Ulta Beauty, Inc.",Consumer Cyclical,1920979968,0.102,19286241280,United States
TDY,Teledyne Technologies Incorporated,Technology,1350300032,-0.024,19273926656,United States
CNP,"CenterPoint Energy, Inc.",Utilities,3092000000,-0.057,19242899456,United States
CMS,CMS Energy Corporation,Utilities,2478749952,-0.047,18885679104,United States
OMC,Omnicom Group Inc.,Communication Services,2458500096,0.054,18825521152,United States
CINF,Cincinnati Financial Corporation,Financial Services,3120000000,0.31,18812080128,United States
RF,Regions Financial Corporation,Financial Services,NA,0.156,18481389568,United States
DRI,"Darden Restaurants, Inc.",Consumer Cyclical,1724800000,0.068,18381285376,United States
AVY,Avery Dennison Corporation,Consumer Cyclical,1335000064,0.042,18229233664,United States
EQT,EQT Corporation,Energy,2920306944,-0.307,18180341760,United States
UAL,"United Airlines Holdings, Inc.",Industrials,7982000128,0.097,18074302464,United States
BAX,Baxter International Inc.,Healthcare,2872000000,0.022,17962694656,United States
ATO,Atmos Energy Corporation,Utilities,1923928064,0.069,17900046336,United States
DPZ,"Domino's Pizza, Inc.",Consumer Cyclical,906721024,0.031,17894590464,United States
LH,Laboratory Corporation of America Holdings,Healthcare,1622300032,0.046,17751388160,United States
ESS,"Essex Property Trust, Inc.",Real Estate,1093196032,0.038,17699737600,United States
ILMN,"Illumina, Inc.",Healthcare,345000000,-0.01,17693450240,United States
SYF,Synchrony Financial,Financial Services,NA,0.526,17643843584,United States
HOLX,"Hologic, Inc.",Healthcare,1222099968,-0.008,17507940352,United States
NTRS,Northern Trust Corporation,Financial Services,NA,-0.043,17494663168,United States
L,Loews Corporation,Financial Services,2932000000,0.118,17212102656,United States
CE,Celanese Corporation,Basic Materials,1820999936,-0.085,17184673792,United States
NRG,"NRG Energy, Inc.",Utilities,2860999936,-0.038,17157575680,United States
FDS,FactSet Research Systems Inc.,Financial Services,796985024,0.06,17109420032,United States
J,Jacobs Solutions Inc.,Industrials,1403982976,0.047,17084061696,United States
EG,"Everest Group, Ltd.",Financial Services,NA,0.219,17075596288,Bermuda
JBHT,"J.B. Hunt Transport Services, Inc.",Industrials,1655213952,-0.088,17006865408,United States
VRSN,"VeriSign, Inc.",Technology,1060499968,0.055,17006699520,United States
TXT,Textron Inc.,Industrials,1688000000,0.037,17004630016,United States
CFG,"Citizens Financial Group, Inc.",Financial Services,NA,-0.088,16908542976,United States
CLX,The Clorox Company,Consumer Defensive,1143000064,-0.053,16842376192,United States
IEX,IDEX Corporation,Industrials,882400000,-0.053,16829358080,United States
LUV,Southwest Airlines Co.,Industrials,2088999936,0.109,16672984064,United States
EXPD,"Expeditors International of Washington, Inc.",Industrials,946400000,-0.149,16653611008,United States
MAA,"Mid-America Apartment Communities, Inc.",Real Estate,1251140992,0.028,16523153408,United States
PKG,Packaging Corporation of America,Consumer Cyclical,1555900032,0.002,16444707840,United States
ZBRA,Zebra Technologies Corporation,Technology,695000000,-0.164,16345713664,United States
DGX,Quest Diagnostics Incorporated,Healthcare,1775000064,0.015,16035018752,United States
BBY,"Best Buy Co., Inc.",Consumer Cyclical,2649999872,-0.006,15869418496,United States
WBA,"Walgreens Boots Alliance, Inc.",Healthcare,3711000064,0.063,15684122624,United States
GEN,Gen Digital Inc.,Technology,1435000064,0.021,15672434688,United States
ENPH,"Enphase Energy, Inc.",Technology,334287008,-0.637,15554722816,United States
NDSN,Nordson Corporation,Industrials,815385024,0.037,15536261120,United States
MAS,Masco Corporation,Industrials,1523000064,-0.027,15452319744,United States
ALB,Albemarle Corporation,Basic Materials,-317096992,-0.473,15410140160,United States
NWSA,News Corporation,Communication Services,1256000000,-0.01,15134023680,United States
AES,The AES Corporation,Utilities,3408999936,-0.048,15122994176,United States
NWS,News Corporation,Communication Services,1256000000,-0.01,15117464576,United States
EXPE,"Expedia Group, Inc.",Consumer Cyclical,1724000000,0.084,15103019008,United States
SWKS,"Skyworks Solutions, Inc.",Technology,1275800064,-0.093,15021048832,United States
UDR,"UDR, Inc.",Real Estate,1003617984,0.033,14904920064,United States
AMCR,Amcor plc,Consumer Cyclical,1868999936,-0.07,14843642880,Switzerland
FOX,Fox Corporation,Communication Services,2812000000,-0.156,14811171840,United States
MRO,Marathon Oil Corporation,Energy,4201999872,-0.028,14783382528,United States
FOXA,Fox Corporation,Communication Services,2812000000,-0.156,14761410560,United States
SNA,Snap-on Incorporated,Industrials,1447100032,0.005,14707407872,United States
CAG,"Conagra Brands, Inc.",Consumer Defensive,2244199936,-0.017,14690876416,United States
BG,Bunge Global SA,Consumer Defensive,3403000064,-0.125,14597028864,United States
KEY,KeyCorp,Financial Services,NA,-0.094,14520044544,United States
AKAM,"Akamai Technologies, Inc.",Technology,1110920960,0.078,14502100992,United States
IP,International Paper Company,Consumer Cyclical,2040999936,-0.08,14115572736,United States
POOL,Pool Corporation,Industrials,750433024,-0.071,14062836736,United States
DOC,"Healthpeak Properties, Inc.",Real Estate,1117715968,0.154,13998223360,United States
TRMB,Trimble Inc.,Technology,808700032,0.041,13941834752,United States
PNR,Pentair plc,Industrials,904499968,-0.011,13937797120,United Kingdom
CF,"CF Industries Holdings, Inc.",Basic Materials,2665999872,-0.269,13931643904,United States
JBL,Jabil Inc.,Technology,2356000000,-0.168,13871066112,United States
SWK,"Stanley Black & Decker, Inc.",Industrials,1352999936,-0.016,13867576320,United States
CPB,Campbell Soup Company,Consumer Defensive,1742000000,-0.012,13849865216,United States
WRK,WestRock Company,Consumer Cyclical,2563500032,-0.104,13672972288,United States
RVTY,"Revvity, Inc.",Healthcare,789420992,-0.037,13601610752,United States
LNT,Alliant Energy Corporation,Utilities,1616000000,-0.043,13324017664,United States
TECH,Bio-Techne Corporation,Healthcare,326299008,0.032,13206410240,United States
HST,"Host Hotels & Resorts, Inc.",Real Estate,1482000000,0.066,13165659136,United States
PODD,Insulet Corporation,Healthcare,339400000,0.233,13116298240,United States
NI,NiSource Inc.,Utilities,2181400064,-0.132,13103954944,United States
VTRS,Viatris Inc.,Healthcare,4733400064,-0.018,13073666048,United States
KIM,Kimco Realty Corporation,Real Estate,1118957952,0.137,12956508160,United States
MGM,MGM Resorts International,Consumer Cyclical,2481170944,0.132,12870290432,United States
INCY,Incyte Corporation,Healthcare,801760000,0.089,12839220224,United States
BEN,"Franklin Resources, Inc.",Financial Services,1936099968,0.117,12775772160,United States
EVRG,"Evergy, Inc.",Utilities,2374500096,0.026,12671386624,United States
AOS,A. O. Smith Corporation,Industrials,825100032,0.013,12566685696,United States
LW,"Lamb Weston Holdings, Inc.",Consumer Defensive,1372199936,0.163,12528806912,United States
JKHY,"Jack Henry & Associates, Inc.",Technology,562342976,0.059,12319371264,United States
DVA,DaVita Inc.,Healthcare,2492648960,0.069,12262578176,United States
SJM,The J. M. Smucker Company,Consumer Defensive,1799000064,0.006,12232537088,United States
IPG,"The Interpublic Group of Companies, Inc.",Communication Services,1736800000,0.003,11994534912,United States
TAP,Molson Coors Beverage Company,Consumer Defensive,2437400064,0.107,11972373504,United States
LKQ,LKQ Corporation,Consumer Cyclical,1723000064,0.106,11916882944,United States
UHS,"Universal Health Services, Inc.",Healthcare,1852866048,0.108,11893318656,United States
EMN,Eastman Chemical Company,Basic Materials,1546000000,-0.042,11804587008,United States
APA,APA Corporation,Energy,4942000128,-0.005,11462408192,United States
KMX,"CarMax, Inc.",Consumer Cyclical,995705984,-0.006,11456552960,United States
CRL,"Charles River Laboratories International, Inc.",Healthcare,949580032,-0.017,11415507968,United States
CPT,Camden Property Trust,Real Estate,900569984,0.02,11345977344,United States
REG,Regency Centers Corporation,Real Estate,863614016,0.139,11318172672,United States
JNPR,"Juniper Networks, Inc.",Technology,660600000,-0.162,11257583616,United States
BBWI,"Bath & Body Works, Inc.",Consumer Cyclical,1554000000,0.008,11219036160,United States
BXP,"Boston Properties, Inc.",Real Estate,1898284032,0.087,11136914432,United States
EPAM,"EPAM Systems, Inc.",Technology,662248000,-0.038,10887592960,United States
ALLE,Allegion plc,Industrials,836300032,-0.032,10880246784,Ireland
WYNN,"Wynn Resorts, Limited",Consumer Cyclical,1946112000,0.309,10847351808,United States
SOLV,Solventum Corporation,Healthcare,2259000064,0.002,10773650432,United States
RL,Ralph Lauren Corporation,Consumer Cyclical,974200000,0.056,10731830272,United States
PAYC,"Paycom Software, Inc.",Technology,634947968,0.107,10592290816,United States
TFX,Teleflex Incorporated,Healthcare,629049984,0.038,10251409408,United States
FFIV,"F5, Inc.",Technology,760164992,-0.031,10206003200,United States
HII,"Huntington Ingalls Industries, Inc.",Industrials,1132000000,0.049,10079152128,United States
CTLT,"Catalent, Inc.",Healthcare,355000000,0.036,10020861952,United States
DAY,Dayforce Inc,Technology,238400000,0.164,9999807488,United States
CHRW,"C.H. Robinson Worldwide, Inc.",Industrials,567868992,-0.043,9848860672,United States
MOS,The Mosaic Company,Basic Materials,2077600000,-0.257,9837839360,United States
TPR,"Tapestry, Inc.",Consumer Cyclical,1439100032,-0.018,9723993088,United States
AAL,American Airlines Group Inc.,Industrials,5925000192,0.031,9664204800,United States
HSIC,"Henry Schein, Inc.",Healthcare,929000000,0.037,9552604160,United States
QRVO,"Qorvo, Inc.",Technology,410566240,0.487,9503268864,United States
AIZ,"Assurant, Inc.",Financial Services,1287200000,0.09,9128707072,United States
PNW,Pinnacle West Capital Corporation,Utilities,1754843008,0.007,8907568128,United States
GNRC,Generac Holdings Inc.,Industrials,577598016,0.002,8775146496,United States
FRT,Federal Realty Investment Trust,Real Estate,714089984,0.065,8553141248,United States
BWA,BorgWarner Inc.,Consumer Cyclical,1856999936,0.063,8450511360,United States
HAS,"Hasbro, Inc.",Consumer Cyclical,673200000,-0.243,8371058176,United States
PARA,Paramount Global,Communication Services,2715000064,0.058,8369886720,United States
BIO,"Bio-Rad Laboratories, Inc.",Healthcare,502991008,-0.098,8302173696,United States
MTCH,"Match Group, Inc.",Communication Services,1021102016,0.092,8291497984,United States
MKTX,MarketAxess Holdings Inc.,Financial Services,384459008,0.035,8136843776,United States
FMC,FMC Corporation,Basic Materials,662400000,-0.317,7985855488,United States
GL,Globe Life Inc.,Financial Services,1362925056,0.072,7941652480,United States
MHK,"Mohawk Industries, Inc.",Consumer Cyclical,1425073024,-0.045,7686562816,United States
CZR,"Caesars Entertainment, Inc.",Consumer Cyclical,3713999872,-0.031,7674202624,United States
ETSY,"Etsy, Inc.",Consumer Cyclical,426296992,0.008,7480204288,United States
RHI,Robert Half Inc.,Industrials,422801984,-0.14,7436601856,United States
CMA,Comerica Incorporated,Financial Services,NA,-0.198,7269745664,United States
IVZ,Invesco Ltd.,Financial Services,998800000,0.04,7197296128,United States
NCLH,Norwegian Cruise Line Holdings Ltd.,Consumer Cyclical,2055860992,0.203,6757395456,United States
